[
  {
    "id": "f82124af-9fc1-406b-b2fd-f7889d88deff",
    "data": [
      {
        "text": "next space flight by spacex",
        "userDefined": false
      }
    ],
    "isTemplate": false,
    "count": 0,
    "updated": 0
  },
  {
    "id": "2e15f2dd-0528-45dc-be51-66ee0084bfab",
    "data": [
      {
        "text": "next spacex flight",
        "userDefined": false
      }
    ],
    "isTemplate": false,
    "count": 0,
    "updated": 0
  },
  {
    "id": "b361040c-498e-49d1-9ad2-0360ef7acda7",
    "data": [
      {
        "text": "next spacex flights",
        "userDefined": false
      }
    ],
    "isTemplate": false,
    "count": 0,
    "updated": 0
  }
]