[
  {
    "id": "44fb0f70-b328-4fe5-ae73-49a2e1d779dd",
    "data": [
      {
        "text": "spacex spaceflight",
        "userDefined": false
      }
    ],
    "isTemplate": false,
    "count": 0,
    "updated": 0
  },
  {
    "id": "5781135e-d563-4edd-b99a-9e01d7568064",
    "data": [
      {
        "text": "spacex space flight",
        "userDefined": false
      }
    ],
    "isTemplate": false,
    "count": 0,
    "updated": 0
  },
  {
    "id": "a519695d-40b8-4add-8a5b-01d7eadf04bb",
    "data": [
      {
        "text": "spacex spaceflights",
        "userDefined": false
      }
    ],
    "isTemplate": false,
    "count": 0,
    "updated": 0
  },
  {
    "id": "8bd374ff-2314-4f71-b7e0-bd80e624a290",
    "data": [
      {
        "text": "spacex space flights",
        "userDefined": false
      }
    ],
    "isTemplate": false,
    "count": 0,
    "updated": 0
  },
  {
    "id": "2d54209f-e05c-4d8e-b1cf-fb0645c5ff2c",
    "data": [
      {
        "text": "nasa",
        "userDefined": false
      }
    ],
    "isTemplate": false,
    "count": 0,
    "updated": 0
  },
  {
    "id": "265142fa-44a9-4881-acc1-415b4085cee0",
    "data": [
      {
        "text": "spacex",
        "userDefined": false
      }
    ],
    "isTemplate": false,
    "count": 0,
    "updated": 0
  },
  {
    "id": "f25122cb-a75b-42b2-8d82-bbf563faee6b",
    "data": [
      {
        "text": "nasa spaceflights",
        "userDefined": false
      }
    ],
    "isTemplate": false,
    "count": 0,
    "updated": 0
  },
  {
    "id": "d3ca7ce1-5836-4cf6-a3a3-1a4eea46794d",
    "data": [
      {
        "text": "nasa space flights",
        "userDefined": false
      }
    ],
    "isTemplate": false,
    "count": 0,
    "updated": 0
  },
  {
    "id": "40dc639d-8685-4027-bc25-25ac0991580b",
    "data": [
      {
        "text": "nasa spaceflight",
        "userDefined": false
      }
    ],
    "isTemplate": false,
    "count": 0,
    "updated": 0
  },
  {
    "id": "b5dab971-b4cf-4bf1-b3a1-7dc0e39e33a2",
    "data": [
      {
        "text": "nasa space flight",
        "userDefined": false
      }
    ],
    "isTemplate": false,
    "count": 0,
    "updated": 0
  },
  {
    "id": "52b6cefd-7792-42b8-b604-c5c687c79099",
    "data": [
      {
        "text": "when\u0027s the next spacex flight",
        "userDefined": false
      }
    ],
    "isTemplate": false,
    "count": 0,
    "updated": 0
  },
  {
    "id": "ec757a64-321b-496d-89f3-3176611d5601",
    "data": [
      {
        "text": "what is the next spacex flight",
        "userDefined": false
      }
    ],
    "isTemplate": false,
    "count": 0,
    "updated": 0
  },
  {
    "id": "d7622589-34ad-4fb6-a529-7e0edb76de4f",
    "data": [
      {
        "text": "what\u0027s the next spacex flight",
        "userDefined": false
      }
    ],
    "isTemplate": false,
    "count": 0,
    "updated": 0
  },
  {
    "id": "09848a81-e72a-4338-b0df-e8876db24e8b",
    "data": [
      {
        "text": "when is the next spacex flight",
        "userDefined": false
      }
    ],
    "isTemplate": false,
    "count": 0,
    "updated": 0
  },
  {
    "id": "cdd44268-171e-4aa2-9f3a-504a8541bd50",
    "data": [
      {
        "text": "spaceflight",
        "userDefined": false
      }
    ],
    "isTemplate": false,
    "count": 0,
    "updated": 0
  },
  {
    "id": "c2f5f0ab-e702-414a-beaa-50a568467ad6",
    "data": [
      {
        "text": "space flight",
        "userDefined": false
      }
    ],
    "isTemplate": false,
    "count": 0,
    "updated": 0
  },
  {
    "id": "0aa03db1-583b-4454-a10e-4a12295b29f9",
    "data": [
      {
        "text": "spaceflights",
        "userDefined": false
      }
    ],
    "isTemplate": false,
    "count": 0,
    "updated": 0
  },
  {
    "id": "b77b14b3-7cb7-4786-b312-f00e1fbc2a63",
    "data": [
      {
        "text": "space flights ",
        "userDefined": false
      },
      {
        "text": "in september",
        "meta": "@sys.ignore",
        "userDefined": false
      }
    ],
    "isTemplate": false,
    "count": 0,
    "updated": 0
  },
  {
    "id": "eeab78dd-187f-4723-bf62-fbd6ce155415",
    "data": [
      {
        "text": "September",
        "meta": "@sys.ignore",
        "userDefined": false
      },
      {
        "text": " space flights",
        "userDefined": false
      }
    ],
    "isTemplate": false,
    "count": 0,
    "updated": 0
  },
  {
    "id": "2ea2ef1b-016e-4d60-8576-173a2bef00a9",
    "data": [
      {
        "text": "I wanna hear about space flights ",
        "userDefined": false
      },
      {
        "text": "in september",
        "meta": "@sys.ignore",
        "userDefined": false
      }
    ],
    "isTemplate": false,
    "count": 0,
    "updated": 0
  },
  {
    "id": "15110e27-9100-431f-95c3-dfa890101699",
    "data": [
      {
        "text": "space flights",
        "userDefined": false
      }
    ],
    "isTemplate": false,
    "count": 0,
    "updated": 0
  },
  {
    "id": "0369e69f-ff1a-45cc-ab0e-febf1058a8bd",
    "data": [
      {
        "text": "I wanna hear about space flights",
        "userDefined": false
      }
    ],
    "isTemplate": false,
    "count": 0,
    "updated": 0
  }
]